R_fighter,B_fighter,R_odds,B_odds,R_ev,B_ev,date,location,country,Winner,title_bout,weight_class,gender,no_of_rounds,B_current_lose_streak,B_current_win_streak,B_draw,B_avg_SIG_STR_landed,B_avg_SIG_STR_pct,B_avg_SUB_ATT,B_avg_TD_landed,B_avg_TD_pct,B_longest_win_streak,B_losses,B_total_rounds_fought,B_total_title_bouts,B_win_by_Decision_Majority,B_win_by_Decision_Split,B_win_by_Decision_Unanimous,B_win_by_KO/TKO,B_win_by_Submission,B_win_by_TKO_Doctor_Stoppage,B_wins,B_Stance,B_Height_cms,B_Reach_cms,B_Weight_lbs,R_current_lose_streak,R_current_win_streak,R_draw,R_avg_SIG_STR_landed,R_avg_SIG_STR_pct,R_avg_SUB_ATT,R_avg_TD_landed,R_avg_TD_pct,R_longest_win_streak,R_losses,R_total_rounds_fought,R_total_title_bouts,R_win_by_Decision_Majority,R_win_by_Decision_Split,R_win_by_Decision_Unanimous,R_win_by_KO/TKO,R_win_by_Submission,R_win_by_TKO_Doctor_Stoppage,R_wins,R_Stance,R_Height_cms,R_Reach_cms,R_Weight_lbs,R_age,B_age,lose_streak_dif,win_streak_dif,longest_win_streak_dif,win_dif,loss_dif,total_round_dif,total_title_bout_dif,ko_dif,sub_dif,height_dif,reach_dif,age_dif,sig_str_dif,avg_sub_att_dif,avg_td_dif,empty_arena,constant_1,B_match_weightclass_rank,R_match_weightclass_rank,R_Women's Flyweight_rank,R_Women's Featherweight_rank,R_Women's Strawweight_rank,R_Women's Bantamweight_rank,R_Heavyweight_rank,R_Light Heavyweight_rank,R_Middleweight_rank,R_Welterweight_rank,R_Lightweight_rank,R_Featherweight_rank,R_Bantamweight_rank,R_Flyweight_rank,R_Pound-for-Pound_rank,B_Women's Flyweight_rank,B_Women's Featherweight_rank,B_Women's Strawweight_rank,B_Women's Bantamweight_rank,B_Heavyweight_rank,B_Light Heavyweight_rank,B_Middleweight_rank,B_Welterweight_rank,B_Lightweight_rank,B_Featherweight_rank,B_Bantamweight_rank,B_Flyweight_rank,B_Pound-for-Pound_rank,better_rank,finish,finish_details,finish_round,finish_round_time,total_fight_time_secs,R_kd_bout,B_kd_bout,R_sig_str_landed_bout,B_sig_str_landed_bout,R_sig_str_attempted_bout,B_sig_str_attempted_bout,R_sig_str_pct_bout,B_sig_str_pct_bout,R_tot_str_landed_bout,B_tot_str_landed_bout,R_tot_str_attempted_bout,B_tot_str_attempted_bout,R_td_landed_bout,B_td_landed_bout,R_td_attempted_bout,B_td_attempted_bout,R_td_pct_bout,B_td_pct_bout,R_sub_attempts_bout,B_sub_attempts_bout,R_pass_bout,B_pass_bout,R_rev_bout,B_rev_bout
Derrick Lewis,Aleksei Oleinik,-200,160,50,160,8/8/2020,"Las Vegas, Nevada, USA",USA,Red,FALSE,Heavyweight,MALE,5,0,2,0,3.72,0.5,2.2,2.41,0.46,2,4,19,0,0,1,0,1,6,0,8,Orthodox,187.96,203.2,240,0,2,0,2.53,0.49,0,0.48,0.24,6,5,44,1,0,2,2,10,0,0,14,Orthodox,190.5,200.66,260,35,43,0,0,-4,-6,-1,-25,-1,-9,6,-2.54,2.54,8,1.19,2.2,1.93,1,1,10,4,,,,,4,,,,,,,,,,,,,10,,,,,,,,,Red,,,,,,,,,,,,,,,,,,,,,,,,,,,,,
Omari Akhmedov,Chris Weidman,115,-141,115,70.92198582,8/8/2020,"Las Vegas, Nevada, USA",USA,Blue,FALSE,Middleweight,MALE,3,2,0,0,3.14,0.42,1,3.82,0.5,9,5,36,5,0,0,3,4,3,0,10,Orthodox,187.96,198.12,205,0,5,1,2.99,0.34,0.2,2.4,0.5,3,3,30,0,0,1,5,2,0,0,8,Orthodox,182.88,185.42,185,32,36,2,-5,6,2,2,6,5,2,3,5.08,12.7,4,0.15,0.8,1.42,1,1,,11,,,,,,,11,,,,,,,,,,,,,,,,,,,,Red,,,,,,,,,,,,,,,,,,,,,,,,,,,,,
Maki Pitolo,Darren Stewart,125,-155,125,64.51612903,8/8/2020,"Las Vegas, Nevada, USA",USA,Blue,FALSE,Middleweight,MALE,3,0,2,0,2.94,0.44,0,1.38,0.44,2,4,20,0,0,1,1,2,0,0,4,Orthodox,182.88,187.96,185,0,1,0,5.22,0.45,0.7,1.98,0.6,1,1,5,0,0,0,0,1,0,0,1,Orthodox,177.8,190.5,170,29,29,0,1,1,3,3,15,0,1,0,5.08,-2.54,0,-2.28,-0.7,-0.6,1,1,,,,,,,,,,,,,,,,,,,,,,,,,,,,,neither,,,,,,,,,,,,,,,,,,,,,,,,,,,,,
Yana Kunitskaya,Julija Stoliarenko,-190,150,52.63157895,150,8/8/2020,"Las Vegas, Nevada, USA",USA,Red,FALSE,Women's Bantamweight,FEMALE,3,1,0,0,3.8,0.36,1,0,0,0,1,3,0,0,0,0,0,0,0,0,Orthodox,170.18,167.64,135,1,0,0,5.05,0.52,0.3,2.39,0.53,2,2,10,1,0,0,2,0,0,0,2,Orthodox,167.64,172.72,135,30,27,0,0,-2,-2,-1,-7,-1,0,0,2.54,-5.08,-3,-1.25,0.7,-2.39,1,1,,8,,,,8,,,,,,,,,,,,,,,,,,,,,,,Red,,,,,,,,,,,,,,,,,,,,,,,,,,,,,
Beneil Dariush,Scott Holtzman,-200,160,50,160,8/8/2020,"Las Vegas, Nevada, USA",USA,Red,FALSE,Lightweight,MALE,3,0,2,0,4.52,0.49,0.2,2.23,0.6,3,3,29,0,0,0,4,2,1,0,7,Orthodox,175.26,175.26,155,0,4,1,3.87,0.49,1.1,1.8,0.33,5,4,35,0,0,1,4,2,5,0,12,Southpaw,177.8,182.88,155,31,36,0,-2,-2,-5,-1,-6,0,0,-4,-2.54,-7.62,5,0.65,-0.9,0.43,1,1,,14,,,,,,,,,14,,,,,,,,,,,,,,,,,,Red,,,,,,,,,,,,,,,,,,,,,,,,,,,,,
Tim Means,Laureano Staropoli,120,-150,120,66.66666667,8/8/2020,"Las Vegas, Nevada, USA",USA,Red,FALSE,Welterweight,MALE,3,1,0,0,4.29,0.31,0,0.33,0.25,2,1,9,0,0,0,2,0,0,0,2,Orthodox,185.42,180.34,170,1,0,0,4.87,0.45,0.2,0.91,0.44,4,9,45,0,0,1,3,5,2,0,11,Orthodox,187.96,190.5,170,36,27,0,0,-2,-9,-8,-36,0,-5,-2,-2.54,-10.16,-9,-0.58,-0.2,-0.58,1,1,,,,,,,,,,,,,,,,,,,,,,,,,,,,,neither,,,,,,,,,,,,,,,,,,,,,,,,,,,,,
Kevin Holland,Joaquin Buckley,-455,333,21.97802198,333,8/8/2020,"Las Vegas, Nevada, USA",USA,Red,FALSE,Middleweight,MALE,3,0,0,0,0,0,0,0,0,0,0,0,0,0,0,0,0,0,0,0,Orthodox,177.8,185.42,185,0,1,0,4.29,0.55,1.1,1.26,0.43,3,2,15,0,0,1,1,1,1,0,4,Orthodox,190.5,205.74,170,27,26,0,-1,-3,-4,-2,-15,0,-1,-1,-12.7,-20.32,-1,-4.29,-1.1,-1.26,1,1,,,,,,,,,,,,,,,,,,,,,,,,,,,,,neither,,,,,,,,,,,,,,,,,,,,,,,,,,,,,
Nasrat Haqparast,Alex Munoz,-240,188,41.66666667,188,8/8/2020,"Las Vegas, Nevada, USA",USA,Red,FALSE,Lightweight,MALE,3,0,0,0,4.07,0.63,0,4,0.66,0,0,0,0,0,0,0,0,0,0,0,Switch,175.26,175.26,155,1,0,0,5.25,0.47,0,0.29,0.25,3,2,12,0,0,0,2,1,0,0,3,Southpaw,177.8,182.88,155,24,30,-1,0,-3,-3,-2,-12,0,-1,0,-2.54,-7.62,6,-1.18,0,3.71,1,1,,,,,,,,,,,,,,,,,,,,,,,,,,,,,neither,,,,,,,,,,,,,,,,,,,,,,,,,,,,,
Andrew Sanchez,Wellington Turman,130,-162,130,61.72839506,8/8/2020,"Las Vegas, Nevada, USA",USA,Red,FALSE,Middleweight,MALE,3,0,1,0,2.43,0.42,1,3,0.37,1,1,6,0,0,0,1,0,0,0,1,Orthodox,182.88,182.88,185,1,0,0,4.49,0.43,0,2.25,0.33,2,3,21,1,0,0,4,0,0,0,4,Orthodox,185.42,187.96,185,32,24,-1,1,-1,-3,-2,-15,-1,0,0,-2.54,-5.08,-8,-2.06,1,0.75,1,1,,,,,,,,,,,,,,,,,,,,,,,,,,,,,neither,,,,,,,,,,,,,,,,,,,,,,,,,,,,,
Gavin Tucker,Justin Jaynes,-139,112,71.94244604,112,8/8/2020,"Las Vegas, Nevada, USA",USA,Red,FALSE,Featherweight,MALE,3,0,1,0,23.41,0.53,0,0,0,1,0,1,0,0,0,0,1,0,0,1,Orthodox,170.18,172.72,155,0,1,0,2.66,0.37,1,2.08,0.33,1,1,9,0,0,0,1,0,1,0,2,Southpaw,167.64,167.64,145,34,30,0,0,0,-1,-1,-8,0,1,-1,2.54,5.08,-4,20.75,-1,-2.08,1,1,,,,,,,,,,,,,,,,,,,,,,,,,,,,,neither,,,,,,,,,,,,,,,,,,,,,,,,,,,,,
Youssef Zalal,Peter Barrett,-480,340,20.83333333,340,8/8/2020,"Las Vegas, Nevada, USA",USA,Red,FALSE,Featherweight,MALE,3,0,0,0,7.27,0.72,0,4,0.25,0,0,0,0,0,0,0,0,0,0,0,Southpaw,177.8,185.42,145,0,2,0,3,0.53,1,3,0.42,2,0,6,0,0,0,2,0,0,0,2,Switch,177.8,182.88,145,23,33,0,-2,-2,-2,0,-6,0,0,0,0,2.54,10,4.27,-1,1,1,1,,,,,,,,,,,,,,,,,,,,,,,,,,,,,neither,,,,,,,,,,,,,,,,,,,,,,,,,,,,,
Irwin Rivera,Ali Qaisi,-186,148,53.76344086,148,8/8/2020,"Las Vegas, Nevada, USA",USA,Red,FALSE,Bantamweight,MALE,3,0,0,0,0,0,0,0,0,0,0,0,0,0,0,0,0,0,0,0,Orthodox,172.72,172.72,135,1,0,0,2.27,0.36,0,0,0,0,1,3,0,0,0,0,0,0,0,0,Southpaw,167.64,167.64,135,31,29,-1,0,0,0,-1,-3,0,0,0,5.08,5.08,-2,-2.27,0,0,1,1,,,,,,,,,,,,,,,,,,,,,,,,,,,,,neither,,,,,,,,,,,,,,,,,,,,,,,,,,,,,
